<?xml version="1.0" encoding="UTF-8"?>
<metadata xml:lang="fr"><Esri><CreaDate>20180307</CreaDate><CreaTime>15362000</CreaTime><ArcGISFormat>1.0</ArcGISFormat><SyncOnce>TRUE</SyncOnce><DataProperties><lineage><Process ToolSource="C:\Program Files (x86)\ArcGIS\Desktop10.0\ArcToolbox\Toolboxes\Data Management Tools.tbx\CalculateField" Date="20120613" Time="140612">CalculateField "T_DOMANIAUX sélection" SURFACE_HA [SHAPE_Area]/10000 VB #</Process><Process ToolSource="c:\program files (x86)\arcgis\desktop10.2\ArcToolbox\Toolboxes\Data Management Tools.tbx\CalculateField" Date="20220316" Time="093100">CalculateField site_acceuil_wgs Site_ID [FID]+1 VB #</Process></lineage></DataProperties></Esri></metadata>
