<?xml version="1.0" encoding="UTF-8"?>
<metadata xml:lang="fr"><Esri><CreaDate>20210331</CreaDate><CreaTime>08425700</CreaTime><ArcGISFormat>1.0</ArcGISFormat><SyncOnce>TRUE</SyncOnce><DataProperties><lineage><Process ToolSource="C:\Program Files (x86)\ArcGIS\Desktop10.0\ArcToolbox\Toolboxes\Data Management Tools.tbx\CalculateField" Date="20140103" Time="154719">CalculateField BIDONVILLES PREFECTURE "PREFECTURE DE CASABLANCA" VB #</Process><Process ToolSource="C:\Program Files (x86)\ArcGIS\Desktop10.0\ArcToolbox\Toolboxes\Data Management Tools.tbx\CalculateField" Date="20140103" Time="154812">CalculateField BIDONVILLES PREFECTURE "PREFECTURE DE MOHAMMADIA" VB #</Process><Process ToolSource="C:\Program Files (x86)\ArcGIS\Desktop10.0\ArcToolbox\Toolboxes\Data Management Tools.tbx\CalculateField" Date="20140103" Time="160909">CalculateField BIDONVILLES COMMUNE "MUNICIPALITE DAR BOUAZZA" VB #</Process><Process ToolSource="C:\Program Files (x86)\ArcGIS\Desktop10.0\ArcToolbox\Toolboxes\Data Management Tools.tbx\CalculateField" Date="20140103" Time="161032">CalculateField BIDONVILLES COMMUNE "MUNICIPALITE BOUSKOURA" VB #</Process><Process ToolSource="C:\Program Files (x86)\ArcGIS\Desktop10.0\ArcToolbox\Toolboxes\Data Management Tools.tbx\CalculateField" Date="20140103" Time="161111">CalculateField BIDONVILLES COMMUNE "COMMUNE RURALE OULED SALEH" VB #</Process><Process ToolSource="C:\Program Files (x86)\ArcGIS\Desktop10.0\ArcToolbox\Toolboxes\Data Management Tools.tbx\CalculateField" Date="20140103" Time="161140">CalculateField BIDONVILLES COMMUNE "MUNICIPALITE NOUACEUR" VB #</Process><Process ToolSource="C:\Program Files (x86)\ArcGIS\Desktop10.0\ArcToolbox\Toolboxes\Data Management Tools.tbx\CalculateField" Date="20140103" Time="161241">CalculateField BIDONVILLES COMMUNE "COMMUNE RURALE SIDI HAJJAJ OUED HASSAR" VB #</Process><Process ToolSource="C:\Program Files (x86)\ArcGIS\Desktop10.0\ArcToolbox\Toolboxes\Data Management Tools.tbx\CalculateField" Date="20140103" Time="161314">CalculateField BIDONVILLES COMMUNE "COMMUNE RURALE MEJJATIA OULED TALEB" VB #</Process><Process ToolSource="C:\Program Files (x86)\ArcGIS\Desktop10.0\ArcToolbox\Toolboxes\Data Management Tools.tbx\CalculateField" Date="20140103" Time="161350">CalculateField BIDONVILLES COMMUNE "MUNICIPALITE MEDIOUNA" VB #</Process><Process ToolSource="C:\Program Files (x86)\ArcGIS\Desktop10.0\ArcToolbox\Toolboxes\Data Management Tools.tbx\CalculateField" Date="20140103" Time="161413">CalculateField BIDONVILLES COMMUNE "MUNICIPALITE LAHRAOUYINE" VB #</Process><Process ToolSource="C:\Program Files (x86)\ArcGIS\Desktop10.0\ArcToolbox\Toolboxes\Data Management Tools.tbx\CalculateField" Date="20140103" Time="161441">CalculateField BIDONVILLES COMMUNE "MUNICIPALITE TIT MELLIL" VB #</Process><Process ToolSource="C:\Program Files (x86)\ArcGIS\Desktop10.0\ArcToolbox\Toolboxes\Data Management Tools.tbx\CalculateField" Date="20140103" Time="161512">CalculateField BIDONVILLES COMMUNE "MUNICIPALITE MOHAMMEDIA" VB #</Process><Process ToolSource="C:\Program Files (x86)\ArcGIS\Desktop10.0\ArcToolbox\Toolboxes\Data Management Tools.tbx\CalculateField" Date="20140103" Time="161540">CalculateField BIDONVILLES COMMUNE "COMMUNE RURALE BENI YAKHLEF" VB #</Process><Process ToolSource="C:\Program Files (x86)\ArcGIS\Desktop10.0\ArcToolbox\Toolboxes\Data Management Tools.tbx\CalculateField" Date="20140103" Time="161608">CalculateField BIDONVILLES COMMUNE "COMMUNE RURALE ECHELLALATE" VB #</Process><Process ToolSource="C:\Program Files (x86)\ArcGIS\Desktop10.0\ArcToolbox\Toolboxes\Data Management Tools.tbx\CalculateField" Date="20140103" Time="161642">CalculateField BIDONVILLES COMMUNE "COMMUNE RURALE SIDI MOUSSA BEN MEJDOUB" VB #</Process><Process ToolSource="C:\Program Files (x86)\ArcGIS\Desktop10.0\ArcToolbox\Toolboxes\Data Management Tools.tbx\CalculateField" Date="20140103" Time="161725">CalculateField BIDONVILLES COMMUNE "ARRONDISSEMENT CASA-ANFA" VB #</Process><Process ToolSource="C:\Program Files (x86)\ArcGIS\Desktop10.0\ArcToolbox\Toolboxes\Data Management Tools.tbx\CalculateField" Date="20140103" Time="161748">CalculateField BIDONVILLES COMMUNE "ARRONDISSEMENT HAY HASSANI" VB #</Process><Process ToolSource="C:\Program Files (x86)\ArcGIS\Desktop10.0\ArcToolbox\Toolboxes\Data Management Tools.tbx\CalculateField" Date="20140103" Time="161807">CalculateField BIDONVILLES COMMUNE "ARRONDISSEMENT AIN CHOCK" VB #</Process><Process ToolSource="C:\Program Files (x86)\ArcGIS\Desktop10.0\ArcToolbox\Toolboxes\Data Management Tools.tbx\CalculateField" Date="20140103" Time="161829">CalculateField BIDONVILLES COMMUNE "ARRONDISSEMENT MAARIF" VB #</Process><Process ToolSource="C:\Program Files (x86)\ArcGIS\Desktop10.0\ArcToolbox\Toolboxes\Data Management Tools.tbx\CalculateField" Date="20140103" Time="161850">CalculateField BIDONVILLES COMMUNE "ARRONDISSEMENT SIDI BELYOUT" VB #</Process><Process ToolSource="C:\Program Files (x86)\ArcGIS\Desktop10.0\ArcToolbox\Toolboxes\Data Management Tools.tbx\CalculateField" Date="20140103" Time="161918">CalculateField BIDONVILLES COMMUNE "ARRONDISSEMENT ESSOUKHOUR ASSAWDA" VB #</Process><Process ToolSource="C:\Program Files (x86)\ArcGIS\Desktop10.0\ArcToolbox\Toolboxes\Data Management Tools.tbx\CalculateField" Date="20140103" Time="161937">CalculateField BIDONVILLES COMMUNE "ARRONDISSEMENT EL FIDA" VB #</Process><Process ToolSource="C:\Program Files (x86)\ArcGIS\Desktop10.0\ArcToolbox\Toolboxes\Data Management Tools.tbx\CalculateField" Date="20140103" Time="161957">CalculateField BIDONVILLES COMMUNE "ARRONDISSEMENT BEN MSICK" VB #</Process><Process ToolSource="C:\Program Files (x86)\ArcGIS\Desktop10.0\ArcToolbox\Toolboxes\Data Management Tools.tbx\CalculateField" Date="20140103" Time="162011">CalculateField BIDONVILLES COMMUNE "ARRONDISSEMENT SBATA" VB #</Process><Process ToolSource="C:\Program Files (x86)\ArcGIS\Desktop10.0\ArcToolbox\Toolboxes\Data Management Tools.tbx\CalculateField" Date="20140103" Time="162040">CalculateField BIDONVILLES COMMUNE "ARRONDISSEMENT SIDI OTHMANE" VB #</Process><Process ToolSource="C:\Program Files (x86)\ArcGIS\Desktop10.0\ArcToolbox\Toolboxes\Data Management Tools.tbx\CalculateField" Date="20140103" Time="162104">CalculateField BIDONVILLES COMMUNE "ARRONDISSEMENT MOULAY RCHID" VB #</Process><Process ToolSource="C:\Program Files (x86)\ArcGIS\Desktop10.0\ArcToolbox\Toolboxes\Data Management Tools.tbx\CalculateField" Date="20140103" Time="162121">CalculateField BIDONVILLES COMMUNE "ARRONDISSEMENT SIDI MOUMEN" VB #</Process><Process ToolSource="C:\Program Files (x86)\ArcGIS\Desktop10.0\ArcToolbox\Toolboxes\Data Management Tools.tbx\CalculateField" Date="20140103" Time="162140">CalculateField BIDONVILLES COMMUNE "ARRONDISSEMENT SIDI BERNOUSSI" VB #</Process><Process ToolSource="C:\Program Files (x86)\ArcGIS\Desktop10.0\ArcToolbox\Toolboxes\Data Management Tools.tbx\CalculateField" Date="20140103" Time="162157">CalculateField BIDONVILLES COMMUNE "ARRONDISSEMENT AIN SEBAA" VB #</Process><Process ToolSource="C:\Program Files (x86)\ArcGIS\Desktop10.0\ArcToolbox\Toolboxes\Data Management Tools.tbx\CalculateField" Date="20140103" Time="162228">CalculateField BIDONVILLES COMMUNE "ARRONDISSEMENT HAY MOHAMMADI" VB #</Process><Process ToolSource="C:\Program Files (x86)\ArcGIS\Desktop10.0\ArcToolbox\Toolboxes\Data Management Tools.tbx\CalculateField" Date="20140106" Time="121238">CalculateField BIDONVILLES ETAT "PROGRAMME" VB #</Process><Process ToolSource="C:\Program Files (x86)\ArcGIS\Desktop10.0\ArcToolbox\Toolboxes\Data Management Tools.tbx\CalculateField" Date="20140106" Time="121249">CalculateField BIDONVILLES ETAT "NON PROGRAMME" VB #</Process></lineage></DataProperties></Esri></metadata>
